{
  "README": "https://minecraft-comes-alive-reborn.fandom.com/wiki/Config",
  "version": 1,
  "overwriteOriginalVillagers": true,
  "overwriteOriginalZombieVillagers": true,
  "villagerTagsHacks": true,
  "enableInfection": true,
  "infectionChance": 5,
  "allowGrimReaper": true,
  "villagerChatPrefix": "",
  "canHurtBabies": true,
  "enterVillageNotification": true,
  "villagerMarriageNotification": true,
  "villagerBirthNotification": true,
  "heartsToBeConsideredAsFriend": 40,
  "chanceToHaveTwins": 2,
  "marriageHeartsRequirement": 100.0,
  "babyItemGrowUpTime": 24000,
  "villagerMaxAgeTime": 192000,
  "villagerMaxHealth": 20,
  "allowVillagerTeleporting": false,
  "villagerMinTeleportationDistance": 144.0,
  "childInitialHearts": 100,
  "greetHeartsThreshold": 75,
  "greetAfterDays": 1,
  "immigrantChance": 20,
  "traitChance": 0.25,
  "traitInheritChance": 0.5,
  "heartsForPardonHit": 30,
  "pardonPlayerTicks": 1200,
  "guardsTargetMonsters": false,
  "maleVillagerHeight": 0.9,
  "femaleVillagerHeightFactor": 0.85,
  "maleVillagerWidthFactor": 1.0,
  "femaleVillagerWidthFactor": 0.95,
  "showNameTags": true,
  "useVoices": false,
  "useVanillaVoices": false,
  "interactionChanceFatigue": 1.0,
  "interactionFatigueCooldown": 4800,
  "villagerHealthBonusPerLevel": 5,
  "useSquidwardModels": false,
  "enableBoobs": true,
  "guardSpawnRate": 6,
  "taxesFactor": 1.5,
  "taxSeason": 168000,
  "marriageChance": 5,
  "adventurerAtInnChance": 5,
  "childrenChance": 5,
  "bountyHunterInterval": 24000,
  "bountyHunterThreshold": -5,
  "giftDesaturationQueueLength": 16,
  "giftDesaturationFactor": 0.5,
  "giftDesaturationExponent": 0.85,
  "giftSatisfactionFactor": 0.33,
  "giftMoodEffect": 0.5,
  "baseGiftMoodEffect": 2.0,
  "giftDesaturationReset": 24000,
  "allowPlayerMarriage": true,
  "maxBuildingSize": 8192,
  "maxBuildingRadius": 320,
  "minPillarHeight": 2,
  "maxTreeHeight": 8,
  "maxTreeTicks": {
    "#minecraft:logs": 60
  },
  "validTreeSources": [
    "minecraft:grass_block",
    "minecraft:dirt"
  ],
  "launchIntoDestiny": true,
  "allowDestinyCommandOnce": true,
  "allowDestinyCommandMoreThanOnce": false,
  "allowDestinyTeleportation": true,
  "enableVillagerPlayerModel": true,
  "forceVillagerPlayerModel": false,
  "allowPlayerEditor": true,
  "guardsTargetEntities": {
    "minecraft:creeper": -1,
    "minecraft:drowned": 2,
    "minecraft:evoker": 3,
    "minecraft:husk": 2,
    "minecraft:illusioner": 3,
    "minecraft:pillager": 3,
    "minecraft:ravager": 3,
    "minecraft:vex": 0,
    "minecraft:vindicator": 4,
    "minecraft:zoglin": 2,
    "minecraft:zombie": 4,
    "minecraft:zombie_villager": 3,
    "minecraft:spider": 0,
    "minecraft:skeleton": 0,
    "minecraft:slime": 0,
    "mcafemale_zombie_villager": 3,
    "mcamale_zombie_villager": 3
  },
  "villagerPathfindingBlacklist": [
    "#minecraft:climbable",
    "#minecraft:fence_gates",
    "#minecraft:fences",
    "#minecraft:fire",
    "#minecraft:portals",
    "#minecraft:slabs",
    "#minecraft:stairs",
    "#minecraft:trapdoors",
    "#minecraft:walls"
  ]
}